{"cameraMode":{"drawMode":0,"name":"Shaded","section":"Shading Mode"},"sceneLighting":true,"audioPlay":false,"sceneViewState":{"m_AlwaysRefresh":false,"showFog":true,"showSkybox":true,"showFlares":true,"showImageEffects":true,"showParticleSystems":true,"showVisualEffectGraphs":true,"m_FxEnabled":true},"in2DMode":false,"pivot":{"x":-1.1902015209197999,"y":-9.294355392456055,"z":21.863256454467775},"rotation":{"x":-0.3483462631702423,"y":0.0019660175312310459,"z":-0.0007277153199538589,"w":-0.9373680353164673},"size":25.333845138549806,"orthographic":false}