{"cameraMode":{"drawMode":0,"name":"Shaded","section":"Shading Mode"},"sceneLighting":false,"audioPlay":false,"sceneViewState":{"m_AlwaysRefresh":false,"showFog":true,"showSkybox":false,"showFlares":true,"showImageEffects":true,"showParticleSystems":true,"showVisualEffectGraphs":true,"m_FxEnabled":true},"in2DMode":false,"pivot":{"x":-0.5099730491638184,"y":2.570000171661377,"z":-20.12803077697754},"rotation":{"x":-0.3483462631702423,"y":0.0019660175312310459,"z":-0.0007277153199538589,"w":-0.9373680353164673},"size":11.642986297607422,"orthographic":false}